<?xml version="1.0" encoding="UTF-8"?>
<!--
    Teian - Web adnotator
    By Claudius Teodorescu
    Licensed under LGPL.
-->
<teian:annotators xmlns:teian="http://kuberam.ro/ns/teian" xmlns="http://www.w3.org/1999/xhtml">
    <teian:common-panels>
        <teian:common-panel id="selected-wrap-server-annotator-panel">
            <div id="teian-selected-wrap-server-annotator-dialog" title="">
                <label id="teian-search-string-label" for="teian-search-criterion-input" ref="simpath:instance('ui-lang')//teian:common-panel[@id = 'selected-wrap-server-annotator-panel']/teian:annotator-panel-element[@id = 'teian-search-string-label']"/>
                <input id="teian-search-criterion-input" type="text"/>
                <button id="teian-search-button"/>
                <p/>
                <label id="teian-search-list-label" for="teian-search-list" ref="simpath:instance('ui-lang')//teian:common-panel[@id = 'selected-wrap-server-annotator-panel']/teian:annotator-panel-element[@id = 'teian-search-list-label']"/>
                <select id="teian-search-list" size="1"/>
            </div>
            <script type="text/javascript" charset="utf-8">
		    $("#teian-search-string-label").text($($x.xpath($("#teian-search-string-label").attr('ref'))[0]).text());
		    $("#teian-search-button").text($($x.xpath("simpath:instance('ui-lang')//teian:common-panel[@id = 'selected-wrap-server-annotator-panel']/teian:annotator-panel-element[@id = 'teian-search-button']")[0]).text()).click(function() {teian.ui.fGenerateSearchList();});
		    $("#teian-search-list-label").text($($x.xpath($("#teian-search-list-label").attr('ref'))[0]).text());
		    teian.ui.fGenerateSearchList = function() {
		    	var oSelectElement = $("#teian-search-list");
			$x.submission({
				"ref" : "simpath:instance('search-results')",
				"resource" : $("#" + teian.ui.activeAnnotatorId)[0].sServiceURI + $("#teian-search-criterion-input").val(),
				"mode" : "synchronous",
				"method" : "get"
			});
			oSelectElement.html($("*", $($x.xpath("simpath:instance('search-results')/*")[0])));
			//oSelectElement[0].selectedIndex = -1;
		    };
		    $("#teian-search-criterion-input").keyup(function(event){
		    	if(event.keyCode == 13){
				$("#teian-search-button").click();
		    	}
		    });
		teian.ui['selected-wrap-server-annotator'] = $("#teian-selected-wrap-server-annotator-dialog").dialog({
			autoOpen: false,
			width : 700,
			height : 300,
			modal : true,
			buttons: {
				"Save": function() {
					$( this ).dialog( "close" );
					var oActiveAnnotator = $("#" + teian.ui.activeAnnotatorId)
					, oActiveAnnotator0 = oActiveAnnotator[0]
					;
					$(oActiveAnnotator0['oAnnotatorMarkup']).attr(oActiveAnnotator0.sMainAttrName, $("#teian-search-list").val());
					teian.annotator[0](oActiveAnnotator0, 'selected-wrap-server');
					$(oActiveAnnotator0['oAnnotatorMarkup']).attr(oActiveAnnotator0.sMainAttrName, '');
					//reset the UI elements
					$("#teian-search-criterion-input").val('');
					$("#teian-search-list")[0].options.length = 0;
				},
				"Cancel": function() {
					$( this ).dialog( "close" );
					teian.utils.oSavedSelection = null;
					//reset the UI elements
					$("#teian-search-criterion-input").val('');
					$("#teian-search-list")[0].options.length = 0;
				}
			}
		});
		</script>
        </teian:common-panel>
    </teian:common-panels>
    <teian:annotator id="lb-annotator" name="lb" editable="false" type-code="insert">
        <teian:annotator-description-text>Insert a line break at the insertion point. Only for inside p and div tags.</teian:annotator-description-text>
        <teian:annotator-possible-parent-element-names>
		cl m phr s span w abbr add addrLine address author bibl biblScope cit corr date del distinct editor email emph expan foreign gloss head headItem headLabel hi imprint item l label lg list listBibl measure mentioned name note num orig p pubPlace publisher q quote ref reg resp rs said series sic soCalled sp speaker stage street term time title unclear
		activity channel constitution derivation domain factuality interaction locale preparedness purpose
		case colloc def dictScrap entry entryFree etym form gen gram gramGrp hom hyph iType lang lbl mood number orth per pos pron re sense stress subc syll tns usg xr
		actor camera caption castGroup castItem castList epilogue performance prologue role roleDesc set sound tech view
		cell figure table authority change classCode creation distributor edition extent funder geoDecl handNote language principal scriptNote sponsor typeNote
		ab seg accMat acquisition additions catchwords collation colophon condition custEvent decoNote explicit filiation finalRubric foliation heraldry incipit layout material msItem musicNotation objectType origDate origPlace origin provenance rubric secFol signatures source stamp summary support surrogates textLang watermark
		addName affiliation age birth bloc country death district education faith floruit forename genName geogName langKnown nameLink nationality occupation orgName persName person placeName region residence roleName settlement sex socecStatus surname
		graph u writing valDesc app lem rdg wit witDetail argument back body byline closer dateline div div1 div2 div3 div4 div5 div6 div7 docAuthor docDate docEdition docImprint docTitle epigraph floatingText front group imprimatur opener postscript salute signed text titlePage titlePart trailer
		damage fw restore supplied surplus metSym rhyme
	</teian:annotator-possible-parent-element-names>
        <teian:annotator-possible-preceding-sibling-element-names/>
        <teian:annotator-attribute/>
        <teian:annotator-icon-name>lineBreak.gif</teian:annotator-icon-name>
    </teian:annotator>
    <teian:annotator id="pb-annotator" name="pb" editable="false" type-code="insert"><!--this is actually of insert-parametrized type-->
		<!-- Sample: <pb n="III" xml:id="pg_III" facs="0003"/> -->
        <teian:annotator-description-text>Insert a page break at the insertion point. Only for inside p and div tags.  Note that page breaks can have three attributes.</teian:annotator-description-text>
        <teian:annotator-possible-parent-element-names>
		cl m phr s span w abbr add addrLine address author bibl biblScope cit corr date del distinct editor email emph expan foreign gloss head headItem headLabel hi imprint item l label lg list listBibl measure mentioned name note num orig p pubPlace publisher q quote ref reg resp rs said series sic soCalled sp speaker stage street term time title unclear
		activity channel constitution derivation domain factuality interaction locale preparedness purpose
		case colloc def dictScrap entry entryFree etym form gen gram gramGrp hom hyph iType lang lbl mood number orth per pos pron re sense stress subc syll tns usg xr
		actor camera caption castGroup castItem castList epilogue performance prologue role roleDesc set sound tech view
		cell figure table authority change classCode creation distributor edition extent funder geoDecl handNote language principal scriptNote sponsor typeNote
		ab seg accMat acquisition additions catchwords collation colophon condition custEvent decoNote explicit filiation finalRubric foliation heraldry incipit layout material msItem musicNotation objectType origDate origPlace origin provenance rubric secFol signatures source stamp summary support surrogates textLang watermark
		addName affiliation age birth bloc country death district education faith floruit forename genName geogName langKnown nameLink nationality occupation orgName persName person placeName region residence roleName settlement sex socecStatus surname
		graph u writing valDesc app lem rdg wit witDetail argument back body byline closer dateline div div1 div2 div3 div4 div5 div6 div7 docAuthor docDate docEdition docImprint docTitle epigraph floatingText front group imprimatur opener postscript salute signed text titlePage titlePart trailer
		damage fw restore supplied surplus metSym rhyme
	</teian:annotator-possible-parent-element-names>
        <teian:annotator-possible-preceding-sibling-element-names/>
        <teian:annotator-icon-name>pageBreak.gif</teian:annotator-icon-name>
        <teian:annotator-attribute>n</teian:annotator-attribute>
        <teian:annotator-attribute>xml:id</teian:annotator-attribute>
        <teian:annotator-attribute>facs</teian:annotator-attribute>
        <teian:annotator-panel>
            <teian:annotator-panelMinHeight>500px</teian:annotator-panelMinHeight>
            <teian:annotator-panelMinWidth>500px</teian:annotator-panelMinWidth>
            <teian:annotator-panelTab id="teiannPageBreakBtnTab1">
                <teian:annotator-panelField id="teiannPageBreakN">
                    <teian:annotator-panelFieldRef>@n</teian:annotator-panelFieldRef>
                    <teian:annotator-panel-field-validation-regex/>
                </teian:annotator-panelField>
                <teian:annotator-panelField id="teiannPageBreakID">
                    <teian:annotator-panelFieldRef>@xml:id</teian:annotator-panelFieldRef>
                    <teian:annotator-panel-field-validation-regex/>
                </teian:annotator-panelField>
                <teian:annotator-panelField id="teiannPageBreakFacs">
                    <teian:annotator-panelFieldRef>@facs</teian:annotator-panelFieldRef>
                    <teian:annotator-panel-field-validation-regex/>
                </teian:annotator-panelField>
            </teian:annotator-panelTab>
        </teian:annotator-panel>
    </teian:annotator>
    <teian:annotator id="italic-annotator" name="hi" editable="false" type-code="selected-wrap">
        <teian:annotator-description-text>Wrap italic tags around the selected text.</teian:annotator-description-text>
        <teian:annotator-possible-parent-element-names>
		cl phr s w abbr add addrLine author bibl biblScope corr date del distinct editor email emph expan foreign gloss head headItem headLabel hi item l label measure mentioned name note num orig p pubPlace publisher q quote ref reg rs said sic soCalled speaker stage street term time title unclear
		case colloc def dictScrap entryFree etym form gen gram gramGrp hyph iType lang lbl mood number orth per pos pron re sense stress subc syll tns usg xr
		actor camera caption castItem role roleDesc sound tech view
		cell distributor edition extent geoDecl handNote scriptNote typeNote
		ab seg accMat acquisition additions catchwords collation colophon condition custEvent decoNote explicit filiation finalRubric foliation heraldry incipit layout material musicNotation objectType origDate origPlace origin provenance rubric secFol signatures source stamp summary support surrogates textLang watermark
		addName affiliation birth bloc country death district education faith floruit forename genName geogName nameLink nationality occupation orgName persName placeName region residence roleName settlement sex socecStatus surname
		u writing lem rdg wit witDetail
		byline closer dateline docAuthor docDate docEdition docImprint imprimatur opener salute signed titlePart trailer
		damage fw restore supplied surplus rhyme
	</teian:annotator-possible-parent-element-names>
        <teian:annotator-possible-preceding-sibling-element-names/>
        <teian:annotator-icon-name>italic.png</teian:annotator-icon-name>
        <teian:annotator-attribute name="rend" value="italic"/>
    </teian:annotator>
    <teian:annotator id="strong-annotator" name="hi" editable="false" type-code="selected-wrap">
        <teian:annotator-description-text>Wrap bold tags around the selected text.</teian:annotator-description-text>
        <teian:annotator-possible-parent-element-names>
		cl phr s w abbr add addrLine author bibl biblScope corr date del distinct editor email emph expan foreign gloss head headItem headLabel hi item l label measure mentioned name note num orig p pubPlace publisher q quote ref reg rs said sic soCalled speaker stage street term time title unclear
		case colloc def dictScrap entryFree etym form gen gram gramGrp hyph iType lang lbl mood number orth per pos pron re sense stress subc syll tns usg xr
		actor camera caption castItem role roleDesc sound tech view
		cell distributor edition extent geoDecl handNote scriptNote typeNote
		ab seg accMat acquisition additions catchwords collation colophon condition custEvent decoNote explicit filiation finalRubric foliation heraldry incipit layout material musicNotation objectType origDate origPlace origin provenance rubric secFol signatures source stamp summary support surrogates textLang watermark
		addName affiliation birth bloc country death district education faith floruit forename genName geogName nameLink nationality occupation orgName persName placeName region residence roleName settlement sex socecStatus surname
		u writing lem rdg wit witDetail
		byline closer dateline docAuthor docDate docEdition docImprint imprimatur opener salute signed titlePart trailer
		damage fw restore supplied surplus rhyme
	</teian:annotator-possible-parent-element-names>
        <teian:annotator-possible-preceding-sibling-element-names/>
        <teian:annotator-icon-name>bold.gif</teian:annotator-icon-name>
        <teian:annotator-attribute name="rend" value="strong"/>
    </teian:annotator>
    <teian:annotator id="underline-annotator" name="hi" editable="false" type-code="selected-wrap">
        <teian:annotator-description-text>Wrap underline tags around the selected text.</teian:annotator-description-text>
        <teian:annotator-possible-parent-element-names>
		cl phr s w abbr add addrLine author bibl biblScope corr date del distinct editor email emph expan foreign gloss head headItem headLabel hi item l label measure mentioned name note num orig p pubPlace publisher q quote ref reg rs said sic soCalled speaker stage street term time title unclear
		case colloc def dictScrap entryFree etym form gen gram gramGrp hyph iType lang lbl mood number orth per pos pron re sense stress subc syll tns usg xr
		actor camera caption castItem role roleDesc sound tech view
		cell distributor edition extent geoDecl handNote scriptNote typeNote
		ab seg accMat acquisition additions catchwords collation colophon condition custEvent decoNote explicit filiation finalRubric foliation heraldry incipit layout material musicNotation objectType origDate origPlace origin provenance rubric secFol signatures source stamp summary support surrogates textLang watermark
		addName affiliation birth bloc country death district education faith floruit forename genName geogName nameLink nationality occupation orgName persName placeName region residence roleName settlement sex socecStatus surname
		u writing lem rdg wit witDetail
		byline closer dateline docAuthor docDate docEdition docImprint imprimatur opener salute signed titlePart trailer
		damage fw restore supplied surplus rhyme
	</teian:annotator-possible-parent-element-names>
        <teian:annotator-possible-preceding-sibling-element-names/>
        <teian:annotator-icon-name>underline.png</teian:annotator-icon-name>
        <teian:annotator-attribute name="rend" value="underline"/>
    </teian:annotator>
    <teian:annotator id="strikethrough-annotator" name="hi" editable="false" type-code="selected-wrap">
        <teian:annotator-description-text>Wrap strikethrough tags around the selected text.</teian:annotator-description-text>
        <teian:annotator-icon-name>strikethrough.png</teian:annotator-icon-name>
        <teian:annotator-possible-parent-element-names>
		cl phr s w abbr add addrLine author bibl biblScope corr date del distinct editor email emph expan foreign gloss head headItem headLabel hi item l label measure mentioned name note num orig p pubPlace publisher q quote ref reg rs said sic soCalled speaker stage street term time title unclear
		case colloc def dictScrap entryFree etym form gen gram gramGrp hyph iType lang lbl mood number orth per pos pron re sense stress subc syll tns usg xr
		actor camera caption castItem role roleDesc sound tech view
		cell distributor edition extent geoDecl handNote scriptNote typeNote
		ab seg accMat acquisition additions catchwords collation colophon condition custEvent decoNote explicit filiation finalRubric foliation heraldry incipit layout material musicNotation objectType origDate origPlace origin provenance rubric secFol signatures source stamp summary support surrogates textLang watermark
		addName affiliation birth bloc country death district education faith floruit forename genName geogName nameLink nationality occupation orgName persName placeName region residence roleName settlement sex socecStatus surname
		u writing lem rdg wit witDetail
		byline closer dateline docAuthor docDate docEdition docImprint imprimatur opener salute signed titlePart trailer
		damage fw restore supplied surplus rhyme
	</teian:annotator-possible-parent-element-names>
        <teian:annotator-possible-preceding-sibling-element-names/>
        <teian:annotator-attribute name="rend" value="strikethrough"/>
    </teian:annotator>
    <teian:annotator id="date-annotator" name="date" editable="true" type-code="selected-wrap-parameterized">
        <teian:annotator-description-text>Wrap date tags around the selected text and display the date selector panel.</teian:annotator-description-text>
        <teian:annotator-icon-name>calendar.png</teian:annotator-icon-name>
        <teian:annotator-possible-parent-element-names>
		cl phr s w abbr add addrLine author bibl biblScope corr date del distinct editor email emph expan foreign gloss head headItem headLabel hi item l label measure mentioned name note num orig p pubPlace publisher q quote ref reg rs said sic soCalled speaker stage street term time title unclear
		case colloc def dictScrap entryFree etym form gen gram gramGrp hyph iType lang lbl mood number orth per pos pron re sense stress subc syll tns usg xr
		actor camera caption castItem role roleDesc sound tech view
		cell distributor edition extent geoDecl handNote scriptNote typeNote
		ab seg accMat acquisition additions catchwords collation colophon condition custEvent decoNote explicit filiation finalRubric foliation heraldry incipit layout material musicNotation objectType origDate origPlace origin provenance rubric secFol signatures source stamp summary support surrogates textLang watermark
		addName affiliation birth bloc country death district education faith floruit forename genName geogName nameLink nationality occupation orgName persName placeName region residence roleName settlement sex socecStatus surname
		u writing lem rdg wit witDetail
		byline closer dateline docAuthor docDate docEdition docImprint imprimatur opener salute signed titlePart trailer
		damage fw restore supplied surplus rhyme
	</teian:annotator-possible-parent-element-names>
        <teian:annotator-possible-preceding-sibling-element-names/>
        <teian:annotator-attribute name="when" value=""/>
        <teian:annotator-panel>
            <div id="date-dialog" title="">
                <label for="teian-date-when" ref="simpath:instance('ui-lang')//teian:annotator[@id = 'date-annotator']/teian:annotator-panel/teian:annotator-panel-element[@id = 'date-when-label']"/>
                <input type="text" id="teian-date-when"/>
            </div>
            <script type="text/javascript" charset="utf-8">
		$("#date-dialog").attr('title', $x.xpath("simpath:instance('ui-lang')//teian:annotator[@id = 'date-annotator']/teian:annotator-panel/teian:annotator-panel-title/text()"));
		$("label[for='teian-date-when']").text($($x.xpath($("label[for='teian-date-when']").attr('ref'))[0]).text());
		teian.ui['date-annotator'] = $("#date-dialog").dialog({
			autoOpen: false,
			width : 700,
			height : 200,
			modal : true,
			buttons: {
				"Save": function() {
					$( this ).dialog( "close" );
					$($("#date-annotator")[0]['oAnnotatorMarkup']).attr('when', $("#teian-date-when").val());
					teian.annotator[0]($("#date-annotator")[0], 'selected-wrap-parameterized');
					$($("#date-annotator")[0]['oAnnotatorMarkup']).attr('when', '');
					$("#teian-date-when").val('');
				},
				"Cancel": function() {
					$( this ).dialog( "close" );
					teian.utils.oSavedSelection = null;
					$("#teian-date-when").val('');
				}
			}
		});
		</script>
        </teian:annotator-panel>
    </teian:annotator>
    <teian:annotator id="ref-annotator" name="ref" editable="true" type-code="selected-wrap-parameterized">
        <teian:annotator-description-text>Wrap hypertext link tags around the selected text and display the hypertext link panel.</teian:annotator-description-text>
        <teian:annotator-icon-name>link.png</teian:annotator-icon-name>
        <teian:annotator-possible-parent-element-names>
		cl phr s w abbr add addrLine author bibl biblScope corr date del distinct editor email emph expan foreign gloss head headItem headLabel hi item l label measure mentioned name note num orig p pubPlace publisher q quote ref reg rs said sic soCalled speaker stage street term time title unclear
		case colloc def dictScrap entryFree etym form gen gram gramGrp hyph iType lang lbl mood number orth per pos pron re sense stress subc syll tns usg xr
		actor camera caption castItem role roleDesc sound tech view
		cell distributor edition extent geoDecl handNote scriptNote typeNote
		ab seg accMat acquisition additions catchwords collation colophon condition custEvent decoNote explicit filiation finalRubric foliation heraldry incipit layout material musicNotation objectType origDate origPlace origin provenance rubric secFol signatures source stamp summary support surrogates textLang watermark
		addName affiliation birth bloc country death district education faith floruit forename genName geogName nameLink nationality occupation orgName persName placeName region residence roleName settlement sex socecStatus surname
		u writing lem rdg wit witDetail
		byline closer dateline docAuthor docDate docEdition docImprint imprimatur opener salute signed titlePart trailer
		damage fw restore supplied surplus rhyme
	</teian:annotator-possible-parent-element-names>
        <teian:annotator-possible-preceding-sibling-element-names/>
        <teian:annotator-attribute name="target" value=""/>
        <teian:annotator-panel>
            <div id="ref-dialog" title="">
                <label for="teian-ref-target" ref="simpath:instance('ui-lang')//teian:annotator[@id = 'ref-annotator']/teian:annotator-panel/teian:annotator-panel-element[@id = 'ref-target-label']/text()"/>
                <input type="text" id="teian-ref-target"/>
            </div>
            <script type="text/javascript" charset="utf-8">
		$("#ref-dialog").attr('title', $x.xpath("simpath:instance('ui-lang')//teian:annotator[@id = 'ref-annotator']/teian:annotator-panel/teian:annotator-panel-title/text()"));
		$("label[for='teian-ref-target']").text($x.xpath($("label[for='teian-ref-target']").attr('ref')));
		teian.ui['ref-annotator'] = $("#ref-dialog").dialog({
			autoOpen: false,
			width : 700,
			height : 200,
			modal : true,
			buttons: {
				"Save": function() {
					$( this ).dialog( "close" );
					$($("#ref-annotator")[0]['oAnnotatorMarkup']).attr('target', $("#teian-ref-target").val());
					teian.annotator[0]($("#ref-annotator")[0], 'selected-wrap-parameterized');
					$($("#ref-annotator")[0]['oAnnotatorMarkup']).attr('target', '');
					$("#teian-ref-target").val('');
				},
				"Cancel": function() {
					$( this ).dialog( "close" );
					teian.utils.oSavedSelection = null;
					$("#teian-ref-target").val('');
				}
			}
		});
		</script>
        </teian:annotator-panel>
    </teian:annotator>
    <teian:annotator id="persName-annotator" name="persName" editable="true" type-code="selected-wrap-server">
        <teian:annotator-description-text>Wrap the person tags around the selected text and display the person selection panel.</teian:annotator-description-text>
        <teian:annotator-icon-name>person.png</teian:annotator-icon-name>
        <teian:annotator-id-service-uri>http://demoedb.richmond.edu/exist/rest/db/urbml/apps/tei/utils/teian/services/suggest.xql?type=people&amp;word=</teian:annotator-id-service-uri>
        <teian:annotator-possible-parent-element-names>
cl phr s span abbr add addrLine address author bibl biblScope corr date del desc distinct editor email emph expan foreign gloss head headItem headLabel hi item l label measure meeting mentioned name note num orig p pubPlace publisher q quote ref reg resp respStmt rs said sic soCalled speaker stage street term time title unclear
activity channel constitution derivation domain factuality interaction locale preparedness purpose setting
case colloc def dictScrap entryFree etym form gen gram gramGrp hyph iType lang lbl mood number orth per pos pron re sense stress subc syll tns usg xr
actor camera caption castItem role roleDesc sound tech view cell figDesc authority catDesc change classCode creation distributor edition extent funder geoDecl handNote language principal rendition scriptNote sponsor tagUsage typeNote
fDescr fsDescr ab seg accMat acquisition additions catchwords collation colophon condition custEvent decoNote explicit filiation finalRubric foliation heraldry incipit layout material musicNotation objectType origDate origPlace origin provenance rubric secFol signatures source stamp summary support surrogates textLang watermark
addName affiliation age birth bloc country death district education faith floruit forename genName geogName langKnown nameLink nationality occupation org orgName persName person personGrp placeName region residence roleName settlement sex socecStatus surname
u writing valDesc lem rdg wit witDetail witness byline closer dateline docAuthor docDate docEdition docImprint imprimatur opener salute signed titlePart trailer
damage fw restore supplied surplus metSym rhyme
	</teian:annotator-possible-parent-element-names>
        <teian:annotator-possible-preceding-sibling-element-names/>
        <teian:annotator-attribute name="corresp" value=""/>
    </teian:annotator>
    <teian:annotator id="orgName-annotator" name="orgName" editable="true" type-code="selected-wrap-server">
        <teian:annotator-description-text>Wrap the orgName tags around the selected text and display the person selection panel.</teian:annotator-description-text>
        <teian:annotator-icon-name>person.png</teian:annotator-icon-name>
        <teian:annotator-id-service-uri>http://demoedb.richmond.edu/exist/rest/db/urbml/apps/tei/utils/teian/services/suggest.xql?type=organizations&amp;word=</teian:annotator-id-service-uri>
        <teian:annotator-possible-parent-element-names>
		    cl phr s span abbr add addrLine address author bibl biblScope corr date del desc distinct editor email emph expan foreign gloss head headItem headLabel hi item l label measure meeting mentioned name note num orig p pubPlace publisher q quote ref reg resp respStmt rs said sic soCalled speaker stage street term time title unclear
		    activity channel constitution derivation domain factuality interaction locale preparedness purpose setting
		    case colloc def dictScrap entryFree etym form gen gram gramGrp hyph iType lang lbl mood number orth per pos pron re sense stress subc syll tns usg xr
		    actor camera caption castItem role roleDesc sound tech view cell figDesc
		    authority catDesc change classCode creation distributor edition extent funder geoDecl handNote language principal rendition scriptNote sponsor tagUsage typeNote
		    fDescr fsDescr ab seg accMat acquisition additions catchwords collation colophon condition custEvent decoNote explicit filiation finalRubric foliation heraldry incipit layout material musicNotation objectType origDate origPlace origin provenance rubric secFol signatures source stamp summary support surrogates textLang watermark
		    addName affiliation age birth bloc country death district education faith floruit forename genName geogName langKnown nameLink nationality occupation org orgName persName person personGrp placeName region residence roleName settlement sex socecStatus surname
		    u writing valDesc lem rdg wit witDetail witness byline closer dateline docAuthor docDate docEdition docImprint imprimatur opener salute signed titlePart trailer
		    damage fw restore supplied surplus metSym rhyme
	    </teian:annotator-possible-parent-element-names>
        <teian:annotator-possible-preceding-sibling-element-names/>
        <teian:annotator-attribute name="key" value=""/>
    </teian:annotator>
    <teian:annotator id="gloss-annotator" name="gloss" editable="true" type-code="selected-wrap-server">
        <teian:annotator-description-text>Wrap the glossary tags around the selected text and display the glossary term selection panel.</teian:annotator-description-text>
        <teian:annotator-icon-name>gloss.png</teian:annotator-icon-name>
        <teian:annotator-id-service-uri>http://demoedb.richmond.edu/exist/rest/db/urbml/apps/tei/utils/teian/services/suggest-term.xql?word=</teian:annotator-id-service-uri>
        <teian:annotator-possible-parent-element-names>
		cl phr s span abbr add addrLine address author bibl biblScope corr date del desc distinct editor email emph expan foreign gloss head headItem headLabel hi item l label measure meeting mentioned name note num orig p pubPlace publisher q quote ref reg resp respStmt rs said sic soCalled speaker stage street term time title unclear
		activity channel constitution derivation domain factuality interaction locale preparedness purpose setting
		case colloc def dictScrap entryFree etym form gen gram gramGrp hyph iType lang lbl mood number orth per pos pron re sense stress subc syll tns usg xr
		actor camera caption castItem role roleDesc sound tech view cell figDesc
		authority catDesc change classCode creation distributor edition extent funder geoDecl handNote language principal rendition scriptNote sponsor tagUsage typeNote
		fDescr fsDescr ab seg accMat acquisition additions catchwords collation colophon condition custEvent decoNote explicit filiation finalRubric foliation heraldry incipit layout material musicNotation objectType origDate origPlace origin provenance rubric secFol signatures source stamp summary support surrogates textLang watermark
		addName affiliation age birth bloc country death district education faith floruit forename genName geogName langKnown nameLink nationality occupation org orgName persName person personGrp placeName region residence roleName settlement sex socecStatus surname
		u writing valDesc lem rdg wit witDetail witness byline closer dateline docAuthor docDate docEdition docImprint imprimatur opener salute signed titlePart trailer
		damage fw restore supplied surplus metSym rhyme
	</teian:annotator-possible-parent-element-names>
        <teian:annotator-possible-preceding-sibling-element-names/>
        <teian:annotator-attribute name="target" value=""/>
    </teian:annotator>
    <teian:annotator id="placeName-annotator" name="placeName" editable="true" type-code="selected-wrap-server">
        <teian:annotator-description-text>Wrap the geolocation tags around the selected text and display the geolocation selection panel.</teian:annotator-description-text>
        <teian:annotator-icon-name>geolocation.png</teian:annotator-icon-name>
        <teian:annotator-id-service-uri>http://demoedb.richmond.edu/exist/rest/db/urbml/apps/tei/utils/teian/services/suggest.xql?type=places&amp;word=</teian:annotator-id-service-uri>
        <teian:annotator-possible-parent-element-names>
		cl phr s span abbr add addrLine address author bibl biblScope corr date del desc distinct editor email emph expan foreign gloss head headItem headLabel hi item l label measure meeting mentioned name note num orig p pubPlace publisher q quote ref reg resp respStmt rs said sic soCalled speaker stage street term time title unclear
		activity channel constitution derivation domain factuality interaction locale preparedness purpose setting
		case colloc def dictScrap entryFree etym form gen gram gramGrp hyph iType lang lbl mood number orth per pos pron re sense stress subc syll tns usg xr
		actor camera caption castItem role roleDesc sound tech view cell figDesc
		authority catDesc change classCode creation distributor edition extent funder geoDecl handNote language principal rendition scriptNote sponsor tagUsage typeNote
		fDescr fsDescr ab seg accMat acquisition additions catchwords collation colophon condition custEvent decoNote explicit filiation finalRubric foliation heraldry incipit layout material musicNotation objectType origDate origPlace origin provenance rubric secFol signatures source stamp summary support surrogates textLang watermark
		addName affiliation age birth bloc country death district education faith floruit forename genName geogName langKnown nameLink nationality occupation org orgName persName person personGrp placeName region residence roleName settlement sex socecStatus surname
		u writing valDesc lem rdg wit witDetail witness byline closer dateline docAuthor docDate docEdition docImprint imprimatur opener salute signed titlePart trailer
		damage fw restore supplied surplus metSym rhyme
	</teian:annotator-possible-parent-element-names>
        <teian:annotator-possible-preceding-sibling-element-names/>
        <teian:annotator-attribute name="key" value=""/>
    </teian:annotator>
    <teian:annotator id="teiannParagraphBtn" name="p" editable="false" type-code="insert-split">
        <teian:annotator-possible-parent-element-names>teiHeader p div</teian:annotator-possible-parent-element-names>
        <teian:annotator-possible-preceding-sibling-element-names/>
        <teian:annotator-attribute/>
        <teian:annotator-icon-name>paragraph.png</teian:annotator-icon-name>
    </teian:annotator>
    <teian:annotator id="label-annotator" name="label" editable="false" type-code="selected-wrap">
        <teian:annotator-description-text>Insert a label at the selected point in the text</teian:annotator-description-text>
        <teian:annotator-possible-parent-element-names>teiHeader p div</teian:annotator-possible-parent-element-names>
        <teian:annotator-possible-preceding-sibling-element-names/>
        <teian:annotator-icon-name/>
    </teian:annotator>
    <teian:annotator id="list-annotator" name="list" editable="false" type-code="selected-wrap">
        <teian:annotator-description-text>Insert a list at the selected point in the text</teian:annotator-description-text>
        <teian:annotator-possible-parent-element-names>teiHeader p div</teian:annotator-possible-parent-element-names>
        <teian:annotator-possible-preceding-sibling-element-names/>
        <teian:annotator-icon-name>list.png</teian:annotator-icon-name>
    </teian:annotator>
    <teian:annotator id="listBibl-annotator" name="listBibl" editable="false" type-code="selected-wrap">
        <teian:annotator-description-text>Insert a listBibl at the selected point in the text</teian:annotator-description-text>
        <teian:annotator-possible-parent-element-names>teiHeader p div</teian:annotator-possible-parent-element-names>
        <teian:annotator-possible-preceding-sibling-element-names/>
        <teian:annotator-icon-name/>
    </teian:annotator>
    <teian:annotator id="teiannHeadBtn" name="head" editable="false" type-code="selected-wrap">
        <teian:annotator-description-text>Insert a list header on the selected list</teian:annotator-description-text>
        <teian:annotator-possible-parent-element-names>list</teian:annotator-possible-parent-element-names>
        <teian:annotator-possible-preceding-sibling-element-names/>
        <teian:annotator-icon-name>head.png</teian:annotator-icon-name>
    </teian:annotator>
    <teian:annotator id="teiannItemBtn" name="item" editable="false" type-code="selected-wrap">
        <teian:annotator-description-text>Add an item to the selected list.</teian:annotator-description-text>
        <teian:annotator-possible-parent-element-names>list</teian:annotator-possible-parent-element-names>
        <teian:annotator-possible-preceding-sibling-element-names/>
        <teian:annotator-icon-name>item.png</teian:annotator-icon-name>
    </teian:annotator>
    <teian:annotator id="teiannTableBtn" name="table" editable="false" type-code="selected-wrap">
        <teian:annotator-description-text>Add an table at the insertion point.</teian:annotator-description-text>
        <teian:annotator-possible-parent-element-names>teiHeader p div</teian:annotator-possible-parent-element-names>
        <teian:annotator-possible-preceding-sibling-element-names/>
        <teian:annotator-icon-name>table.png</teian:annotator-icon-name>
    </teian:annotator>
    <teian:annotator id="teiannRowBtn" name="row" editable="false" type-code="selected-wrap">
        <teian:annotator-description-text>Add an row to the selected table.</teian:annotator-description-text>
        <teian:annotator-possible-parent-element-names>table</teian:annotator-possible-parent-element-names>
        <teian:annotator-possible-preceding-sibling-element-names/>
        <teian:annotator-icon-name>row.png</teian:annotator-icon-name>
    </teian:annotator>
    <teian:annotator id="teiannCellBtn" name="cell" editable="false" type-code="selected-wrap">
        <teian:annotator-description-text>Add a cell to the selected row</teian:annotator-description-text>
        <teian:annotator-possible-parent-element-names>teiHeader p div</teian:annotator-possible-parent-element-names>
        <teian:annotator-possible-preceding-sibling-element-names/>
        <teian:annotator-icon-name>cell.png</teian:annotator-icon-name>
    </teian:annotator>
	<!--These annotators below are standard; do not modify!-->
    <teian:annotator id="save-button" name="" editable="false" type-code="action">
        <teian:annotator-description-text>Save current document.</teian:annotator-description-text>
        <teian:annotator-attribute/>
    </teian:annotator>
    <teian:annotator id="store-button" name="" type-code="action">
        <teian:annotator-description-text>Store current document.</teian:annotator-description-text>
        <teian:annotator-attribute/>
    </teian:annotator>
    <teian:annotator id="word-count-button" name="" type-code="action">
        <teian:annotator-description-text>Count words for current document.</teian:annotator-description-text>
        <teian:annotator-attribute/>
    </teian:annotator>
    <teian:annotator id="annotate-button" name="" editable="false" type-code="action">
        <teian:annotator-description-text>Save document.</teian:annotator-description-text>
        <teian:annotator-icon-name/>
        <teian:annotator-possible-parent-element-names/>
        <teian:annotator-attribute/>
    </teian:annotator>
    <teian:annotator id="source-button" name="" editable="false" type-code="action">
        <teian:annotator-description-text>View source of document.</teian:annotator-description-text>
        <teian:annotator-icon-name/>
        <teian:annotator-possible-parent-element-names/>
        <teian:annotator-attribute/>
    </teian:annotator>
    <teian:annotator id="lock-button" name="" editable="false" type-code="action">
        <teian:annotator-description-text>Lock document.</teian:annotator-description-text>
        <teian:annotator-icon-name/>
        <teian:annotator-possible-parent-element-names/>
        <teian:annotator-attribute/>
    </teian:annotator>
    <teian:annotator id="unlock-button" name="" editable="false" type-code="action">
        <teian:annotator-description-text>Unlock document.</teian:annotator-description-text>
        <teian:annotator-icon-name/>
        <teian:annotator-possible-parent-element-names/>
        <teian:annotator-attribute/>
    </teian:annotator>
    <teian:annotator id="back-button" name="" editable="false" type-code="action">
        <teian:annotator-description-text>Save current document.</teian:annotator-description-text>
        <teian:annotator-icon-name/>
        <teian:annotator-possible-parent-element-names/>
        <teian:annotator-attribute/>
    </teian:annotator>
    <teian:annotator id="help-button" name="" editable="false" type-code="action">
        <teian:annotator-description-text>Display documentation for teian.</teian:annotator-description-text>
        <teian:annotator-icon-name/>
        <teian:annotator-possible-parent-element-names/>
        <teian:annotator-attribute/>
        <teian:annotator-panel>
            <div id="help-dialog" title="">
                <div id="help-dialog-content" ref="simpath:instance('ui-lang')//teian:annotator[@id = 'help-button']/teian:annotator-panel/teian:annotator-panel-element[@id = 'help-dialog-content']/text()"/>
            </div>
            <script type="text/javascript" charset="utf-8">
		$("#help-dialog").attr('title', $x.xpath("simpath:instance('ui-lang')//teian:annotator[@id = 'help-button']/teian:annotator-panel/teian:annotator-panel-title/text()"));
		//alert($x.xpath("simpath:instance('ui-lang')//teian:annotator[@id = 'help-button']/teian:annotator-panel/teian:annotator-panel-element/@xlink:href")[0].value);
		$("#help-dialog-content").load($x.xpath("simpath:instance('ui-lang')//teian:annotator[@id = 'help-button']/teian:annotator-panel/teian:annotator-panel-element/@xlink:href")[0].value + ' .article, .copyright');
		teian.ui['help-dialog'] = $("#help-dialog").dialog({
			autoOpen: false,
			width : 1000,
			height : 500,
			modal : true,
			buttons: {
				"Close": function() {
					$( this ).dialog( "close" );
				}
			}
		});		
		</script>
        </teian:annotator-panel>
    </teian:annotator>
    <teian:annotator id="edit-entity-button" name="" editable="false" type-code="action">
        <teian:annotator-description-text>Edit any of the properties of the selected entity.</teian:annotator-description-text>
        <teian:annotator-icon-name>edit-entity.gif</teian:annotator-icon-name>
        <teian:annotator-possible-parent-element-names/>
        <teian:annotator-attribute/>
    </teian:annotator>
    <teian:annotator id="clear-entity-button" name="" editable="false" type-code="action">
        <teian:annotator-description-text>Remove the selected entity annotation.</teian:annotator-description-text>
        <teian:annotator-icon-name>clear-entity.gif</teian:annotator-icon-name>
        <teian:annotator-possible-parent-element-names/>
        <teian:annotator-attribute/>
        <teian:annotator-panel>
            <div id="clear-entity-dialog" title="">
                <span id="clear-entity-label" ref="simpath:instance('ui-lang')//teian:annotator[@id = 'clear-entity-button']/teian:annotator-panel/teian:annotator-panel-element[@id = 'clear-entity-label']/text()" style="white-space: normal;"/>
            </div>
            <script type="text/javascript" charset="utf-8">
		$("#clear-entity-dialog").attr('title', $x.xpath("simpath:instance('ui-lang')//teian:annotator[@id = 'clear-entity-button']/teian:annotator-panel/teian:annotator-panel-title/text()"));
		$("#clear-entity-label").text($x.xpath($("#clear-entity-label").attr('ref')));
		$("#help-dialog-content").load($x.xpath("simpath:instance('ui-lang')//teian:annotator[@id = 'help-button']/teian:annotator-panel/teian:annotator-panel-element/@xlink:href")[0].value + ' .article, .copyright');
		teian.ui['clear-entity-dialog'] = $("#clear-entity-dialog").dialog({
			autoOpen: false,
			width : 390,
			height : 200,
			modal : true,
			buttons: {			
				"Clear": function() {
					$(this).dialog("close");
					$(teian.utils.oEntityToClear).replaceWith($(teian.utils.oEntityToClear).text());
					$("#clear-entity-label").text($x.xpath($("#clear-entity-label").attr('ref')));
				},			
				"Cancel": function() {
					$(this).dialog("close");
					teian.utils.oEntityToClear = null;
					$("#clear-entity-label").text($x.xpath($("#clear-entity-label").attr('ref')));
				}				
			},
			open: function(event, ui) {
				$("#clear-entity-label").text($("#clear-entity-label").text().replace(/%entityName/, teian.utils.oEntityToClear.nodeName));
			}
		});		
		</script>
        </teian:annotator-panel>
    </teian:annotator>
</teian:annotators>