<?xml version="1.0" encoding="UTF-8"?>
<xsl:stylesheet xmlns:xsl="http://www.w3.org/1999/XSL/Transform" version="1.0">
	<xsl:output method="xml" />
	<xsl:template match="/">
			<document xmlns="http://www.w3.org/1999/xhtml">
				<xsl:apply-templates />
			</document>
	</xsl:template>
	<xsl:template match="*">
		<element xmlns="http://www.w3.org/1999/xhtml" id="{generate-id()}" name="{name()}">
			<xsl:attribute name="class"><xsl:value-of select="concat('dw-', local-name(), ' anyValue')" /></xsl:attribute>
			<xsl:apply-templates select="*|@*" />
		</element>
	</xsl:template>
	<xsl:template match="@*">
		<attribute xmlns="http://www.w3.org/1999/xhtml" id="{generate-id()}" name="{local-name()}" value="{.}" />
	</xsl:template>
</xsl:stylesheet>