<?xml version="1.0" encoding="UTF-8"?>
<items>
    <item>
        <value>000001</value>
        <label>Akagi (aircraft carrier)</label>
        <description/>
    </item>
    <item>
        <value>000002</value>
        <label>Arizona (battleship : BB-39)</label>
        <description/>
    </item>
    <item>
        <value>000003</value>
        <label>Asheville (gunboat)</label>
        <description/>
    </item>
    <item>
        <value>000004</value>
        <label>Augusta (cruiser)</label>
        <description/>
    </item>
    <item>
        <value>000005</value>
        <label>Enterprise (aircraft carrier : CV-6)</label>
        <description/>
    </item>
    <item>
        <value>000006</value>
        <label>France</label>
        <description/>
    </item>
    <item>
        <value>000007</value>
        <label>Germany</label>
        <description/>
    </item>
    <item>
        <value>000008</value>
        <label>Hiryu (aircraft carrier)</label>
        <description/>
    </item>
    <item>
        <value>000009</value>
        <label>International Military Tribunal for the Far East</label>
        <description/>
    </item>
    <item>
        <value>000010</value>
        <label>Italy</label>
        <description/>
    </item>
    <item>
        <value>000011</value>
        <label>Japan</label>
        <description/>
    </item>
    <item>
        <value>000012</value>
        <label>Japan. Kaigun</label>
        <description/>
    </item>
    <item>
        <value>000013</value>
        <label>Japan. Metropolitan Policy Board</label>
        <description/>
    </item>
    <item>
        <value>000014</value>
        <label>Japan. Ministry of Overseas Affairs</label>
        <description/>
    </item>
    <item>
        <value>000015</value>
        <label>Japan. Naikaku</label>
        <description/>
    </item>
    <item>
        <value>000016</value>
        <label>Japan. Rikugun</label>
        <description/>
    </item>
    <item>
        <value>000017</value>
        <label>Japan. War Ministry. Military Affairs Bureau</label>
        <description/>
    </item>
    <item>
        <value>000018</value>
        <label>Kaga (aircraft carrier)</label>
        <description/>
    </item>
    <item>
        <value>000019</value>
        <label>Kuikaku (aircraft carrier)</label>
        <description/>
    </item>
    <item>
        <value>000020</value>
        <label>Kwantung Army</label>
        <description/>
    </item>
    <item>
        <value>000021</value>
        <label>League of Nations</label>
        <description/>
    </item>
    <item>
        <value>000022</value>
        <label>Lexington (aircraft carrier : CV-2)</label>
        <description/>
    </item>
    <item>
        <value>000023</value>
        <label>Nachi (cruiser)</label>
        <description/>
    </item>
    <item>
        <value>000024</value>
        <label>Nagato (battleship)</label>
        <description/>
    </item>
    <item>
        <value>000025</value>
        <label>Naval War College (U.S.)</label>
        <description/>
    </item>
    <item>
        <value>000026</value>
        <label>Panay (gunboat : PR-5)</label>
        <description/>
    </item>
    <item>
        <value>000027</value>
        <label>Shokaku (aircraft carrier)</label>
        <description/>
    </item>
    <item>
        <value>000028</value>
        <label>Soryu (aircraft carrier)</label>
        <description/>
    </item>
    <item>
        <value>000029</value>
        <label>Supreme Commander for the Allied Powers</label>
        <description/>
    </item>
    <item>
        <value>000030</value>
        <label>United Kingdom</label>
        <description/>
    </item>
    <item>
        <value>000031</value>
        <label>United States</label>
        <description/>
    </item>
    <item>
        <value>000032</value>
        <label>United States. Dept. of State</label>
        <description/>
    </item>
    <item>
        <value>000033</value>
        <label>United States. Navy.</label>
        <description/>
    </item>
    <item>
        <value>000034</value>
        <label>United States. Navy. Asiatic Fleet. Yagntze Patrol</label>
        <description/>
    </item>
    <item>
        <value>000035</value>
        <label>United States. Navy. Fleet Intelligence Center</label>
        <description/>
    </item>
    <item>
        <value>000036</value>
        <label>United States. Navy. Fleet, 7th</label>
        <description/>
    </item>
    <item>
        <value>000037</value>
        <label>United States. Navy. Photographic Intelligence Unit</label>
        <description/>
    </item>
</items>